begin tran

declare  
@idEntityUserCol			[LP_Common].[LP_I_UNIQUE_IDENTIFIER_INT],
@idEntityUserBra			[LP_Common].[LP_I_UNIQUE_IDENTIFIER_INT],
@idEntityUserMex			[LP_Common].[LP_I_UNIQUE_IDENTIFIER_INT],
@idEntityUserUry			[LP_Common].[LP_I_UNIQUE_IDENTIFIER_INT],
@idEntityUserChl			[LP_Common].[LP_I_UNIQUE_IDENTIFIER_INT],
@entityAccountId			[LP_Common].[LP_I_UNIQUE_IDENTIFIER_INT],
@idEntityMerchantCol			[LP_Common].[LP_I_UNIQUE_IDENTIFIER_INT],
@idEntityMerchantBra			[LP_Common].[LP_I_UNIQUE_IDENTIFIER_INT],
@idEntityMerchantMex			[LP_Common].[LP_I_UNIQUE_IDENTIFIER_INT],
@idEntityMerchantUry			[LP_Common].[LP_I_UNIQUE_IDENTIFIER_INT],
@idEntityMerchantChl			[LP_Common].[LP_I_UNIQUE_IDENTIFIER_INT],
@entityPasswordId			[LP_Common].[LP_I_UNIQUE_IDENTIFIER_INT]


--Create Merchant 


	--Colombia
insert into LP_Entity.EntityMerchant
(Description, idEntityBusinessNameType, Active)
values ('Remitee - Colombia', 1, 1)

set @idEntityMerchantCol = @@identity

	--Brasil
insert into LP_Entity.EntityMerchant
(Description, idEntityBusinessNameType, Active)
values ('Remitee - Brasil', 1, 1)

set @idEntityMerchantBra = @@identity

	--Mexico
insert into LP_Entity.EntityMerchant
(Description, idEntityBusinessNameType, Active)
values ('Remitee - Mexico', 1, 1)

set @idEntityMerchantMex = @@identity

	--Uruguay
insert into LP_Entity.EntityMerchant
(Description, idEntityBusinessNameType, Active)
values ('Remitee - Uruguay', 1, 1)

set @idEntityMerchantUry = @@identity

	--Chile
insert into LP_Entity.EntityMerchant
(Description, idEntityBusinessNameType, Active)
values ('Remitee - Chile', 1, 1)

set @idEntityMerchantChl = @@identity

------------------------------

--Create Entity User


	--Col
insert into LP_Entity.EntityUser
(LastName, FirstName, MailAccount, TelephoneNumber, MobileNumber, idEntityType, idEntityIdentificationType, idEntityMerchant, idEntityAdress, Active, idCountry, AccountNumberLP, MerchantAlias, fxPeriod)
values ('Remitee - Colombia', 'Remitee - Colombia', 'mdallas@remitee.com', '', '', 2, 4, @idEntityMerchantCol , 4, 1, 49, '', 'REMDCOL',1)

set @idEntityUserCol = @@identity

	--Bra
insert into LP_Entity.EntityUser
(LastName, FirstName, MailAccount, TelephoneNumber, MobileNumber, idEntityType, idEntityIdentificationType, idEntityMerchant, idEntityAdress, Active, idCountry, AccountNumberLP, MerchantAlias, fxPeriod)
values ('Remitee - Brasil', 'Remitee - Brasil', 'mdallas@remitee.com', '', '', 2, 4, @idEntityMerchantBra , 4, 1, 31, '', 'REMDBRA',1)


set @idEntityUserBra = @@identity

	--Mex
insert into LP_Entity.EntityUser
(LastName, FirstName, MailAccount, TelephoneNumber, MobileNumber, idEntityType, idEntityIdentificationType, idEntityMerchant, idEntityAdress, Active, idCountry, AccountNumberLP, MerchantAlias, fxPeriod)
values ('Remitee - Mexico', 'Remitee - Mexico', 'mdallas@remitee.com', '', '', 2, 4, @idEntityMerchantMex , 4, 1, 150, '', 'REMDMEX',1)


set @idEntityUserMex = @@identity

	--Ury
insert into LP_Entity.EntityUser
(LastName, FirstName, MailAccount, TelephoneNumber, MobileNumber, idEntityType, idEntityIdentificationType, idEntityMerchant, idEntityAdress, Active, idCountry, AccountNumberLP, MerchantAlias, fxPeriod)
values ('Remitee - Uruguay', 'Remitee - Uruguay', 'mdallas@remitee.com', '', '', 2, 4, @idEntityMerchantUry , 4, 1, 244, '', 'REMDURY',1)


set @idEntityUserUry = @@identity

	--CHL
insert into LP_Entity.EntityUser
(LastName, FirstName, MailAccount, TelephoneNumber, MobileNumber, idEntityType, idEntityIdentificationType, idEntityMerchant, idEntityAdress, Active, idCountry, AccountNumberLP, MerchantAlias, fxPeriod)
values ('Remitee - Chile', 'Remitee - Chile', 'mdallas@remitee.com', '', '', 2, 4, @idEntityMerchantChl , 4, 1, 44, '', 'REMDCHL',1)


set @idEntityUserChl = @@identity

--CREATE SUBMERCHANTS

	--COL
insert into LP_Entity.EntitySubMerchant
(Description, SubMerchantIdentification, idEntityUser, isDefault, WithRetentions, Active, SubMerchantCode, SubMerchantAddress, WithRetentionsARBA, IsCorporate,CommissionValuePO, CommissionCurrencyPO)
values ('Remitee', 'Remitee', @idEntityUserCol, 1, 0, 1, '', '', 0, 1,'0.700000',2493)

	--BRA
insert into LP_Entity.EntitySubMerchant
(Description, SubMerchantIdentification, idEntityUser, isDefault, WithRetentions, Active, SubMerchantCode, SubMerchantAddress, WithRetentionsARBA, IsCorporate,CommissionValuePO, CommissionCurrencyPO)
values ('Remitee', 'Remitee', @idEntityUserBra, 1, 0, 1, '', '', 0, 1,'0.700000',2493)

	--MEX
insert into LP_Entity.EntitySubMerchant
(Description, SubMerchantIdentification, idEntityUser, isDefault, WithRetentions, Active, SubMerchantCode, SubMerchantAddress, WithRetentionsARBA, IsCorporate,CommissionValuePO, CommissionCurrencyPO)
values ('Remitee', 'Remitee', @idEntityUserMex, 1, 0, 1, '', '', 0, 1,'0.700000',2493)

	--URY
insert into LP_Entity.EntitySubMerchant
(Description, SubMerchantIdentification, idEntityUser, isDefault, WithRetentions, Active, SubMerchantCode, SubMerchantAddress, WithRetentionsARBA, IsCorporate,CommissionValuePO, CommissionCurrencyPO)
values ('Remitee', 'Remitee', @idEntityUserUry, 1, 0, 1, '', '', 0, 1,'1.000000',2493)

	--CHL
insert into LP_Entity.EntitySubMerchant
(Description, SubMerchantIdentification, idEntityUser, isDefault, WithRetentions, Active, SubMerchantCode, SubMerchantAddress, WithRetentionsARBA, IsCorporate,CommissionValuePO, CommissionCurrencyPO)
values ('Remitee', 'Remitee', @idEntityUserChl, 1, 0, 1, '', '', 0, 1,'0.850000',2493)
----------------

--INSERT Trasnaction Types

-------------- COL

insert into [LP_Entity].[EntityUserTransactionType]
(idEntityUser, idTransactionType, Active)
values(@idEntityUserCol, 2, 1)

insert into [LP_Entity].[EntityUserTransactionType]
(idEntityUser, idTransactionType, Active)
values(@idEntityUserCol, 15, 1)

insert into [LP_Entity].[EntityUserTransactionType]
(idEntityUser, idTransactionType, Active)
values(@idEntityUserCol, 16, 1)

insert into [LP_Entity].[EntityUserTransactionType]
(idEntityUser, idTransactionType, Active)
values(@idEntityUserCol, 17, 1)

insert into [LP_Entity].[EntityUserTransactionType]
(idEntityUser, idTransactionType, Active)
values(@idEntityUserCol, (select idTransactionType from LP_Configuration.TransactionType where Code = 'PAYIN'), 1)

-------------- BRA

insert into [LP_Entity].[EntityUserTransactionType]
(idEntityUser, idTransactionType, Active)
values(@idEntityUserBra, 2, 1)

insert into [LP_Entity].[EntityUserTransactionType]
(idEntityUser, idTransactionType, Active)
values(@idEntityUserBra, 15, 1)

insert into [LP_Entity].[EntityUserTransactionType]
(idEntityUser, idTransactionType, Active)
values(@idEntityUserBra, 16, 1)

insert into [LP_Entity].[EntityUserTransactionType]
(idEntityUser, idTransactionType, Active)
values(@idEntityUserBra, 17, 1)

insert into [LP_Entity].[EntityUserTransactionType]
(idEntityUser, idTransactionType, Active)
values(@idEntityUserBra, (select idTransactionType from LP_Configuration.TransactionType where Code = 'PAYIN'), 1)

----------------------------- MEX

insert into [LP_Entity].[EntityUserTransactionType]
(idEntityUser, idTransactionType, Active)
values(@idEntityUserMex, 2, 1)

insert into [LP_Entity].[EntityUserTransactionType]
(idEntityUser, idTransactionType, Active)
values(@idEntityUserMex, 15, 1)

insert into [LP_Entity].[EntityUserTransactionType]
(idEntityUser, idTransactionType, Active)
values(@idEntityUserMex, 16, 1)

insert into [LP_Entity].[EntityUserTransactionType]
(idEntityUser, idTransactionType, Active)
values(@idEntityUserMex, 17, 1)

insert into [LP_Entity].[EntityUserTransactionType]
(idEntityUser, idTransactionType, Active)
values(@idEntityUserMex, (select idTransactionType from LP_Configuration.TransactionType where Code = 'PAYIN'), 1)

----------------------------- URY
insert into [LP_Entity].[EntityUserTransactionType]
(idEntityUser, idTransactionType, Active)
values(@idEntityUserUry, 2, 1)

insert into [LP_Entity].[EntityUserTransactionType]
(idEntityUser, idTransactionType, Active)
values(@idEntityUserUry, 15, 1)

insert into [LP_Entity].[EntityUserTransactionType]
(idEntityUser, idTransactionType, Active)
values(@idEntityUserUry, 16, 1)

insert into [LP_Entity].[EntityUserTransactionType]
(idEntityUser, idTransactionType, Active)
values(@idEntityUserUry, 17, 1)

insert into [LP_Entity].[EntityUserTransactionType]
(idEntityUser, idTransactionType, Active)
values(@idEntityUserUry, (select idTransactionType from LP_Configuration.TransactionType where Code = 'PAYIN'), 1)

----------------------------- CHL
insert into [LP_Entity].[EntityUserTransactionType]
(idEntityUser, idTransactionType, Active)
values(@idEntityUserChl, 2, 1)

insert into [LP_Entity].[EntityUserTransactionType]
(idEntityUser, idTransactionType, Active)
values(@idEntityUserChl, 15, 1)

insert into [LP_Entity].[EntityUserTransactionType]
(idEntityUser, idTransactionType, Active)
values(@idEntityUserChl, 16, 1)

insert into [LP_Entity].[EntityUserTransactionType]
(idEntityUser, idTransactionType, Active)
values(@idEntityUserChl, 17, 1)

insert into [LP_Entity].[EntityUserTransactionType]
(idEntityUser, idTransactionType, Active)
values(@idEntityUserChl, (select idTransactionType from LP_Configuration.TransactionType where Code = 'PAYIN'), 1)

--------Currency Exchange

--COL
insert into LP_Entity.EntityCurrencyExchange
(idEntityUser, idCurrencyTypeLP, idCurrencyTypeClient, Active, Version)
values (@idEntityUserCol, 2377, 2493, 1, 1)

--BRA
insert into LP_Entity.EntityCurrencyExchange
(idEntityUser, idCurrencyTypeLP, idCurrencyTypeClient, Active, Version)
values (@idEntityUserBra, 2363, 2493, 1, 1)

--MEX
insert into LP_Entity.EntityCurrencyExchange
(idEntityUser, idCurrencyTypeLP, idCurrencyTypeClient, Active, Version)
values (@idEntityUserMex, 2446, 2493, 1, 1)

--URY
insert into LP_Entity.EntityCurrencyExchange
(idEntityUser, idCurrencyTypeLP, idCurrencyTypeClient, Active, Version)
values (@idEntityUserUry, 2494, 2493, 1, 1)

--CHL
insert into LP_Entity.EntityCurrencyExchange
(idEntityUser, idCurrencyTypeLP, idCurrencyTypeClient, Active, Version)
values (@idEntityUserChl, 2375, 2493, 1, 1)

------------ Currency Base

-- COL

insert into [LP_Configuration].[CurrencyBase]
(idCurrencyType, idCountry, idUnit, idEntityUser, Base_Sell, Base_Buy, Active, Version)
values (2493, 49, 2, @idEntityUserCol, 0.6, 0.6, 1, 1)

insert into [LP_Configuration].[CurrencyBase]
(idCurrencyType, idCountry, idUnit, idEntityUser, Base_Sell, Base_Buy, Active, Version)
values (2377, 49, 2, @idEntityUserCol, 0.6, 0.6, 1, 1)

-- BRA

insert into [LP_Configuration].[CurrencyBase]
(idCurrencyType, idCountry, idUnit, idEntityUser, Base_Sell, Base_Buy, Active, Version)
values (2363, 31, 2, @idEntityUserBra, 0.62, 0.62, 1, 1)

insert into [LP_Configuration].[CurrencyBase]
(idCurrencyType, idCountry, idUnit, idEntityUser, Base_Sell, Base_Buy, Active, Version)
values (2493, 31, 2, @idEntityUserBra, 0.62, 0.62, 1, 1)

-- MEX
insert into [LP_Configuration].[CurrencyBase]
(idCurrencyType, idCountry, idUnit, idEntityUser, Base_Sell, Base_Buy, Active, Version)
values (2446, 150, 2, @idEntityUserMex, 0.7, 0.7, 1, 1)

insert into [LP_Configuration].[CurrencyBase]
(idCurrencyType, idCountry, idUnit, idEntityUser, Base_Sell, Base_Buy, Active, Version)
values (2493, 150, 2, @idEntityUserMex, 0.7, 0.7, 1, 1)

-- URY
insert into [LP_Configuration].[CurrencyBase]
(idCurrencyType, idCountry, idUnit, idEntityUser, Base_Sell, Base_Buy, Active, Version)
values (2494, 244, 2, @idEntityUserUry, 1.00, 1.00, 1, 1)

insert into [LP_Configuration].[CurrencyBase]
(idCurrencyType, idCountry, idUnit, idEntityUser, Base_Sell, Base_Buy, Active, Version)
values (2493, 244, 2, @idEntityUserUry, 1.00, 1.00, 1, 1)

-- CHL
insert into [LP_Configuration].[CurrencyBase]
(idCurrencyType, idCountry, idUnit, idEntityUser, Base_Sell, Base_Buy, Active, Version)
values (2375, 44, 2, @idEntityUserChl, 0.85, 0.85, 1, 1)

insert into [LP_Configuration].[CurrencyBase]
(idCurrencyType, idCountry, idUnit, idEntityUser, Base_Sell, Base_Buy, Active, Version)
values (2493, 44, 2, @idEntityUserChl, 0.85, 0.85, 1, 1)
--------------- VARIABLE VALUES

INSERT [LP_Configuration].[VariableValue] 
([IdVariable], [IdCountry], [IdUnit], [Active], [idTransactionType], [idCurrencyType], [Value], [idEntityUser], [isCommissionVariable]) 
VALUES (20, 49, 2, 1, 2, 2493, CAST(1.300000 AS Decimal(18, 6)), @idEntityUserCol, 0)

INSERT [LP_Configuration].[VariableValue] 
([IdVariable], [IdCountry], [IdUnit], [Active], [idTransactionType], [idCurrencyType], [Value], [idEntityUser], [isCommissionVariable]) 
VALUES (21, 49, 2, 1, 2, 2377, CAST(1.190000 AS Decimal(18, 6)), @idEntityUserCol, 0)

INSERT [LP_Configuration].[VariableValue] 
([IdVariable], [IdCountry], [IdUnit], [Active], [idTransactionType], [idCurrencyType], [Value], [idEntityUser], [isCommissionVariable]) 
VALUES (22, 49, 2, 1, 2, 2377, CAST(0.190000 AS Decimal(18, 6)), @idEntityUserCol, 0)

INSERT [LP_Configuration].[VariableValue] 
([IdVariable], [IdCountry], [IdUnit], [Active], [idTransactionType], [idCurrencyType], [Value], [idEntityUser], [isCommissionVariable])
VALUES (24, 49, 2, 1, 2, 2377, CAST(0.004000 AS Decimal(18, 6)), @idEntityUserCol, 0)

----CROSS ---
------- ENTITY Account
INSERT INTO [LP_Security].[EntityAccount]
           ([Identification]
           ,[SecretKey]
           ,[UserSiteIdentification]
           ,[Active]
           ,[OP_InsDateTime]
           ,[OP_UpdDateTime]
           ,[DB_InsDateTime]
           ,[DB_UpdDateTime]
           ,[idEntityUser]
           ,[IsAdmin])
     VALUES
           ('000006000001'
           ,NEWID()
           ,'mdallas@remitee.com'
           ,1
           ,GETUTCDATE()
           ,GETUTCDATE()
           ,GETDATE()
           ,GETDATE()
           ,@idEntityUserCol
           ,1)

set @entityAccountId = @@identity

------- ENTITY ACCOUNT USER



-- COL
insert into LP_Security.EntityAccountUser
(idEntityAccount, idEntityUser, Active)
values (@entityAccountId, @idEntityUserCol, 1)

-- BRA
insert into LP_Security.EntityAccountUser
(idEntityAccount, idEntityUser, Active)
values (@entityAccountId, @idEntityUserBra, 1)

--MEX

insert into LP_Security.EntityAccountUser
(idEntityAccount, idEntityUser, Active)
values (@entityAccountId, @idEntityUserMex, 1)

--URY

insert into LP_Security.EntityAccountUser
(idEntityAccount, idEntityUser, Active)
values (@entityAccountId, @idEntityUserUry, 1)

--CHL

insert into LP_Security.EntityAccountUser
(idEntityAccount, idEntityUser, Active)
values (@entityAccountId, @idEntityUserChl, 1)

------ API CREDENTIAL

--COL
insert into LP_Security.EntityApiCredential
(Identification, ApiKey, idEntityUser, idCountry, Active)
values ('000006000001', 'nM4dYR38Cb3SAXe8', @idEntityUserCol, 49, 1)

--BRA
insert into LP_Security.EntityApiCredential
(Identification, ApiKey, idEntityUser, idCountry, Active)
values ('000006000001', 's99sxNWHDtT6YqYm', @idEntityUserBra, 31, 1)

--MEX
insert into LP_Security.EntityApiCredential
(Identification, ApiKey, idEntityUser, idCountry, Active)
values ('000006000001', 'wpZnjpx8c6H4Jp3X', @idEntityUserMex, 150, 1)

--URY
insert into LP_Security.EntityApiCredential
(Identification, ApiKey, idEntityUser, idCountry, Active)
values ('000006000001', 'm5777KJS8xaDh67x', @idEntityUserUry, 244, 1)

--CHL
insert into LP_Security.EntityApiCredential
(Identification, ApiKey, idEntityUser, idCountry, Active)
values ('000006000001', 'fVRwWc4psKPM9CVE', @idEntityUserChl, 44, 1)

---- ENTITY PASSWORD

insert into LP_Security.EntityPassword values ('EACB009100','8J7BmCGffV',GETDATE(),1,1,GETUTCDATE()
           ,GETUTCDATE()
           ,GETDATE()
           ,GETDATE())

set @entityPasswordId = SCOPE_IDENTITY()

insert into LP_Security.EntityAccountPassword values(@entityAccountId,@entityPasswordId,1,GETUTCDATE(),GETUTCDATE()
           ,GETDATE()
           ,GETDATE())


ROLLBACK TRAN
--COMMIT